Date,Index Code,Index Name,Index Name(Eng.),Constituent Code,Constituent Name,Constituent Name(Eng.),Exchange,(%)Weight(%)
2017-11-30,000300,沪深300,CSI 300,600000,浦发银行,Shanghai Pudong Development Bank Co Ltd,SHH,1.28
2017-11-30,000300,沪深300,CSI 300,600008,首创股份,Beijing Capital Co Ltd,SHH,0.11
2017-11-30,000300,沪深300,CSI 300,600009,上海机场,Shanghai International Airport Co Ltd,SHH,0.35
2017-11-30,000300,沪深300,CSI 300,600010,包钢股份,Inner Mongolia Baotou Steel Union Co Ltd,SHH,0.31
2017-11-30,000300,沪深300,CSI 300,600015,华夏银行,Hua Xia Bank Co Ltd,SHH,0.52
2017-11-30,000300,沪深300,CSI 300,600016,民生银行,China Minsheng Banking Corp Ltd,SHH,1.84
2017-11-30,000300,沪深300,CSI 300,600018,上港集团,Shanghai International Port (Group) Co Ltd,SHH,0.21
2017-11-30,000300,沪深300,CSI 300,600019,宝钢股份,Baoshan Iron &Steel Co Ltd,SHH,0.73
2017-11-30,000300,沪深300,CSI 300,600021,上海电力,Shanghai Electric Power Co Ltd,SHH,0.07
2017-11-30,000300,沪深300,CSI 300,600023,浙能电力,"Zhejiang Zheneng Electric Power Co., Ltd.",SHH,0.19
2017-11-30,000300,沪深300,CSI 300,600028,中国石化,China Petroleum & Chemical Corporation,SHH,0.56
2017-11-30,000300,沪深300,CSI 300,600029,南方航空,China Southern Airlines Co Ltd,SHH,0.34
2017-11-30,000300,沪深300,CSI 300,600030,中信证券,CITIC Securities Co Ltd,SHH,1.33
2017-11-30,000300,沪深300,CSI 300,600031,三一重工,Sany Heavy Industry Co Ltd,SHH,0.3
2017-11-30,000300,沪深300,CSI 300,600036,招商银行,China Merchants Bank Co Ltd,SHH,2.63
2017-11-30,000300,沪深300,CSI 300,600037,歌华有线,Beijing Gehua CATV Network Co Ltd,SHH,0.09
2017-11-30,000300,沪深300,CSI 300,600038,中直股份,"AVIC Helicopter Co.,Ltd.",SHH,0.09
2017-11-30,000300,沪深300,CSI 300,600048,保利地产,Poly Real Estate Group Co Ltd,SHH,0.79
2017-11-30,000300,沪深300,CSI 300,600050,中国联通,China United Network Communications Co Ltd,SHH,0.56
2017-11-30,000300,沪深300,CSI 300,600060,海信电器,Hisense Electric Co Ltd,SHH,0.11
2017-11-30,000300,沪深300,CSI 300,600061,国投资本,"SDIC Capital Co., Ltd",SHH,0.11
2017-11-30,000300,沪深300,CSI 300,600066,宇通客车,Zhengzhou Yutong Bus Co Ltd,SHH,0.28
2017-11-30,000300,沪深300,CSI 300,600068,葛洲坝,China Gezhouba Group Co Ltd,SHH,0.22
2017-11-30,000300,沪深300,CSI 300,600074,ST保千里,"Jiangsu Protruly Vision Technology Group Co., Ltd.",SHH,0.09
2017-11-30,000300,沪深300,CSI 300,600085,同仁堂,Beijing Tongrentang Co Ltd,SHH,0.16
2017-11-30,000300,沪深300,CSI 300,600089,特变电工,TBEA Co Ltd,SHH,0.33
2017-11-30,000300,沪深300,CSI 300,600100,同方股份,Tsinghua Tongfang Co Ltd,SHH,0.17
2017-11-30,000300,沪深300,CSI 300,600104,上汽集团,SAIC Motor Co Ltd,SHH,0.95
2017-11-30,000300,沪深300,CSI 300,600109,国金证券,Sinolink Securities Co. Ltd.,SHH,0.2
2017-11-30,000300,沪深300,CSI 300,600111,北方稀土,"China Northern Rare Earth (Group) High-Tech Co.,Ltd",SHH,0.27
2017-11-30,000300,沪深300,CSI 300,600115,东方航空,China Eastern Airlines Corp Ltd,SHH,0.19
2017-11-30,000300,沪深300,CSI 300,600118,中国卫星,China Spacesat Co Ltd,SHH,0.13
2017-11-30,000300,沪深300,CSI 300,600150,中国船舶,China CSSC Holdings Limited,SHH,0.15
2017-11-30,000300,沪深300,CSI 300,600153,建发股份,Xiamen C&D Inc,SHH,0.14
2017-11-30,000300,沪深300,CSI 300,600157,永泰能源,Wintime Energy Co Ltd,SHH,0.15
2017-11-30,000300,沪深300,CSI 300,600170,上海建工,Shanghai Construction Co Ltd,SHH,0.15
2017-11-30,000300,沪深300,CSI 300,600177,雅戈尔,Youngor Group Co Ltd,SHH,0.18
2017-11-30,000300,沪深300,CSI 300,600188,兖州煤业,Yanzhou Coal Mining Co Ltd,SHH,0.05
2017-11-30,000300,沪深300,CSI 300,600196,复星医药,Shanghai Fosun Pharmaceutical (Group) Co Ltd,SHH,0.32
2017-11-30,000300,沪深300,CSI 300,600208,新湖中宝,Xinhu Zhongbao Co Ltd,SHH,0.19
2017-11-30,000300,沪深300,CSI 300,600221,海航控股,"Hainan Airlines Holding Co., Ltd.",SHH,0.18
2017-11-30,000300,沪深300,CSI 300,600233,圆通速递,"YTO Express Group Co.,Ltd.",SHH,0.05
2017-11-30,000300,沪深300,CSI 300,600256,广汇能源,"GUANGHUI ENERGY CO., LTD.",SHH,0.12
2017-11-30,000300,沪深300,CSI 300,600271,航天信息,"Aisino Co.,Ltd",SHH,0.22
2017-11-30,000300,沪深300,CSI 300,600276,恒瑞医药,Jiangsu Hengrui Medicine Co Ltd,SHH,0.97
2017-11-30,000300,沪深300,CSI 300,600297,广汇汽车,"China Grand Automotive Services Co., Ltd.",SHH,0.16
2017-11-30,000300,沪深300,CSI 300,600309,万华化学,"Wanhua Chemical Group Co., Ltd.",SHH,0.46
2017-11-30,000300,沪深300,CSI 300,600332,白云山,GUANGZHOU BAIYUNSHAN PHARMACEUTICAL HOLDINGS COMPANY LIMITED,SHH,0.16
2017-11-30,000300,沪深300,CSI 300,600340,华夏幸福,"China Fortune Land Development Co., Ltd.",SHH,0.33
2017-11-30,000300,沪深300,CSI 300,600352,浙江龙盛,Zhejiang Longsheng Group Co Ltd,SHH,0.22
2017-11-30,000300,沪深300,CSI 300,600362,江西铜业,Jiangxi Copper Co Ltd,SHH,0.17
2017-11-30,000300,沪深300,CSI 300,600369,西南证券,Southwest Securities Co Ltd,SHH,0.13
2017-11-30,000300,沪深300,CSI 300,600372,中航电子,"CHINA AVIONICS SYSTEMS CO.,LTD.",SHH,0.07
2017-11-30,000300,沪深300,CSI 300,600373,中文传媒,Chinese Universe Publishing And Media Co Ltd,SHH,0.09
2017-11-30,000300,沪深300,CSI 300,600376,首开股份,"Beijing Capital Development Co.,Ltd.",SHH,0.09
2017-11-30,000300,沪深300,CSI 300,600383,金地集团,Gemdale Corporation,SHH,0.25
2017-11-30,000300,沪深300,CSI 300,600406,国电南瑞,"NARI Technology Co., Ltd.",SHH,0.24
2017-11-30,000300,沪深300,CSI 300,600415,小商品城,Zhejiang China Commodities City Group Co Ltd,SHH,0.15
2017-11-30,000300,沪深300,CSI 300,600436,片仔癀,Zhangzhou Pientzehuang Pharmaceutical Co Ltd,SHH,0.16
2017-11-30,000300,沪深300,CSI 300,600446,金证股份,Shenzhen Kingdom Technology Co Ltd,SHH,0.07
2017-11-30,000300,沪深300,CSI 300,600482,中国动力,"China Shipbuilding Industry Group Power Co.,Ltd",SHH,0.08
2017-11-30,000300,沪深300,CSI 300,600485,信威集团,"Beijing Xinwei Telecom Technology Group Co., Ltd.",SHH,0.23
2017-11-30,000300,沪深300,CSI 300,600489,中金黄金,Zhongjin Gold Co Ltd,SHH,0.15
2017-11-30,000300,沪深300,CSI 300,600498,烽火通信,Fiberhome Telecommunication Technologies Co Ltd,SHH,0.15
2017-11-30,000300,沪深300,CSI 300,600518,康美药业,Kangmei Pharmaceutical Co Ltd,SHH,0.55
2017-11-30,000300,沪深300,CSI 300,600519,贵州茅台,Kweichow Moutai Co Ltd,SHH,2.79
2017-11-30,000300,沪深300,CSI 300,600522,中天科技,Jiangsu Zhongtian Technologies Co Ltd,SHH,0.28
2017-11-30,000300,沪深300,CSI 300,600535,天士力,"TASLY PHARMACEUTICAL GROUP CO.,LTD",SHH,0.21
2017-11-30,000300,沪深300,CSI 300,600547,山东黄金,Shandong Gold-Mining Co Ltd,SHH,0.2
2017-11-30,000300,沪深300,CSI 300,600549,厦门钨业,Xiamen Tungsten Co Ltd,SHH,0.1
2017-11-30,000300,沪深300,CSI 300,600570,恒生电子,Hundsun Technologies Inc.,SHH,0.2
2017-11-30,000300,沪深300,CSI 300,600583,海油工程,Offshore Oil Engineering Co Ltd,SHH,0.12
2017-11-30,000300,沪深300,CSI 300,600585,海螺水泥,Anhui Conch Cement Co Ltd,SHH,0.55
2017-11-30,000300,沪深300,CSI 300,600588,用友网络,"Yonyou Network Technology Co., Ltd.",SHH,0.13
2017-11-30,000300,沪深300,CSI 300,600606,绿地控股,Greenland Holdings Corporation Limited,SHH,0.23
2017-11-30,000300,沪深300,CSI 300,600637,东方明珠,"Shanghai Oriental Pearl Media Co., Ltd.",SHH,0.21
2017-11-30,000300,沪深300,CSI 300,600649,城投控股,"Shanghai Chengtou Holding Co., Ltd.",SHH,0.1
2017-11-30,000300,沪深300,CSI 300,600660,福耀玻璃,"Fuyao Glass Industry Group Co.,Ltd",SHH,0.32
2017-11-30,000300,沪深300,CSI 300,600663,陆家嘴,Shanghai Lujiazui Finance and Trade Zone Development Co Ltd,SHH,0.14
2017-11-30,000300,沪深300,CSI 300,600674,川投能源,Sichuan Chuantou Energy Co Ltd,SHH,0.19
2017-11-30,000300,沪深300,CSI 300,600682,南京新百,Nanjing Xinjiekou Department Store Co Ltd,SHH,0.15
2017-11-30,000300,沪深300,CSI 300,600685,中船防务,CSSC OFFSHORE & MARINE ENGINEERING (GROUP) COMPANY LIMITED,SHH,0.08
2017-11-30,000300,沪深300,CSI 300,600688,上海石化,Sinopec Shanghai Petrochemical Co Ltd,SHH,0.12
2017-11-30,000300,沪深300,CSI 300,600690,青岛海尔,Qingdao Haier Co Ltd,SHH,0.46
2017-11-30,000300,沪深300,CSI 300,600703,三安光电,"Sanan Optoelectronics Co.,Ltd",SHH,0.52
2017-11-30,000300,沪深300,CSI 300,600704,物产中大,Zhejiang Material Industrial Zhongda Yuantong Group Co Ltd,SHH,0.11
2017-11-30,000300,沪深300,CSI 300,600705,中航资本,"AVIC CAPITAL CO.,LTD.",SHH,0.24
2017-11-30,000300,沪深300,CSI 300,600718,东软集团,Neusoft Corporation,SHH,0.12
2017-11-30,000300,沪深300,CSI 300,600737,中粮糖业,"COFCO TUNHE SUGAR CO.,LTD.",SHH,0.08
2017-11-30,000300,沪深300,CSI 300,600739,辽宁成大,Liaoning Cheng Da Co Ltd,SHH,0.19
2017-11-30,000300,沪深300,CSI 300,600741,华域汽车,HUAYU Automotive Systems Company Limited,SHH,0.35
2017-11-30,000300,沪深300,CSI 300,600795,国电电力,GD Power Development Co Ltd,SHH,0.35
2017-11-30,000300,沪深300,CSI 300,600804,鹏博士,"DR. PENG TELECOM&MEDIA GROUP CO., LTD.",SHH,0.2
2017-11-30,000300,沪深300,CSI 300,600816,安信信托,"Anxin Trust Co., Ltd",SHH,0.22
2017-11-30,000300,沪深300,CSI 300,600820,隧道股份,Shanghai Tunnel Engineering Co Ltd,SHH,0.15
2017-11-30,000300,沪深300,CSI 300,600827,百联股份,"Shanghai Bailian Group Co.,Ltd.",SHH,0.09
2017-11-30,000300,沪深300,CSI 300,600837,海通证券,Haitong Securities Company Limited,SHH,1.02
2017-11-30,000300,沪深300,CSI 300,600871,石化油服,Sinopec Oilfield Service Corporation,SHH,0.05
2017-11-30,000300,沪深300,CSI 300,600886,国投电力,"SDIC Power Holdings Co.,Ltd.",SHH,0.27
2017-11-30,000300,沪深300,CSI 300,600887,伊利股份,Inner Mongolia Yili Industrial Group Co Ltd,SHH,1.53
2017-11-30,000300,沪深300,CSI 300,600893,航发动力,AVIC AVIATION ENGINE CORPORATION PLC.,SHH,0.22
2017-11-30,000300,沪深300,CSI 300,600895,张江高科,Shanghai Zhangjiang Hi-tech Park Development Co Ltd,SHH,0.11
2017-11-30,000300,沪深300,CSI 300,600900,长江电力,China Yangtze Power Co Ltd,SHH,0.96
2017-11-30,000300,沪深300,CSI 300,600909,华安证券,"HUAAN SECURITIES CO., LTD.",SHH,0.08
2017-11-30,000300,沪深300,CSI 300,600919,江苏银行,"Bank of Jiangsu Co., Ltd",SHH,0.09
2017-11-30,000300,沪深300,CSI 300,600926,杭州银行,"BANK OF HANGZHOU CO., LTD",SHH,0.04
2017-11-30,000300,沪深300,CSI 300,600958,东方证券,ORIENT SECURITIES COMPANY LIMITED,SHH,0.43
2017-11-30,000300,沪深300,CSI 300,600959,江苏有线,Jiangsu Broadcasting Cable Information Network Corporation Limited,SHH,0.12
2017-11-30,000300,沪深300,CSI 300,600977,中国电影,"CHINA FILM CO., LTD.",SHH,0.07
2017-11-30,000300,沪深300,CSI 300,600999,招商证券,China Merchants Securities Co Ltd,SHH,0.39
2017-11-30,000300,沪深300,CSI 300,601006,大秦铁路,Daqin Railway Co Ltd,SHH,0.46
2017-11-30,000300,沪深300,CSI 300,601009,南京银行,Bank of Nanjing Co Ltd,SHH,0.37
2017-11-30,000300,沪深300,CSI 300,601018,宁波港,Ningbo Port Co Ltd,SHH,0.2
2017-11-30,000300,沪深300,CSI 300,601021,春秋航空,"Spring Airlines Co., Ltd.",SHH,0.08
2017-11-30,000300,沪深300,CSI 300,601088,中国神华,China Shenhua Energy Co Ltd,SHH,0.41
2017-11-30,000300,沪深300,CSI 300,601099,太平洋,The Pacific Securities Co.Ltd,SHH,0.23
2017-11-30,000300,沪深300,CSI 300,601111,中国国航,Air China Ltd,SHH,0.2
2017-11-30,000300,沪深300,CSI 300,601117,中国化学,China National Chemical Engineering Co Ltd,SHH,0.11
2017-11-30,000300,沪深300,CSI 300,601118,海南橡胶,China Hainan Rubber Industry Group Co Ltd,SHH,0.08
2017-11-30,000300,沪深300,CSI 300,601127,小康股份,"Chongqing Sokon Industry Group Co.,Ltd",SHH,0.03
2017-11-30,000300,沪深300,CSI 300,601155,新城控股,"Future Land Holdings Co., Ltd.",SHH,0.2
2017-11-30,000300,沪深300,CSI 300,601163,三角轮胎,"TRIANGLE TYRE CO., LTD.",SHH,0.05
2017-11-30,000300,沪深300,CSI 300,601166,兴业银行,Industrial Bank,SHH,1.92
2017-11-30,000300,沪深300,CSI 300,601169,北京银行,Bank of Beijing Co Ltd,SHH,0.95
2017-11-30,000300,沪深300,CSI 300,601186,中国铁建,China Railway Construction Co Ltd,SHH,0.48
2017-11-30,000300,沪深300,CSI 300,601198,东兴证券,"DONGXING SECURITIES CO., LTD.",SHH,0.16
2017-11-30,000300,沪深300,CSI 300,601211,国泰君安,"Guotai Junan Securities Co., Ltd.",SHH,0.8
2017-11-30,000300,沪深300,CSI 300,601216,君正集团,"Inner Mongolia Junzheng Energy & Chemical Group Co.,Ltd.",SHH,0.15
2017-11-30,000300,沪深300,CSI 300,601225,陕西煤业,Shaanxi Coal Industry Company Limited,SHH,0.23
2017-11-30,000300,沪深300,CSI 300,601229,上海银行,"Bank of Shanghai Co., Ltd.",SHH,0.11
2017-11-30,000300,沪深300,CSI 300,601288,农业银行,Agricultural Bank of China Co Ltd,SHH,1.26
2017-11-30,000300,沪深300,CSI 300,601318,中国平安,Ping An Insurance (Group) Company of China Ltd,SHH,6.66
2017-11-30,000300,沪深300,CSI 300,601328,交通银行,Bank of Communications Co LTD,SHH,1.52
2017-11-30,000300,沪深300,CSI 300,601333,广深铁路,Guangshen Railway Company Limited,SHH,0.15
2017-11-30,000300,沪深300,CSI 300,601336,新华保险,New China Life Insurance Co Ltd,SHH,0.46
2017-11-30,000300,沪深300,CSI 300,601375,中原证券,"CENTRAL CHINA SECURITIES CO., LTD.",SHH,0.05
2017-11-30,000300,沪深300,CSI 300,601377,兴业证券,Industrial Securities Co Ltd,SHH,0.33
2017-11-30,000300,沪深300,CSI 300,601390,中国中铁,China Railway Group Limited,SHH,0.57
2017-11-30,000300,沪深300,CSI 300,601398,工商银行,Industrial and Commercial Bank of China Ltd,SHH,1.12
2017-11-30,000300,沪深300,CSI 300,601555,东吴证券,Soochow Securities Co Ltd,SHH,0.23
2017-11-30,000300,沪深300,CSI 300,601600,中国铝业,Aluminum Corporation of China Limited,SHH,0.47
2017-11-30,000300,沪深300,CSI 300,601601,中国太保,China Pacific Insurance (Group) Co Ltd,SHH,1.15
2017-11-30,000300,沪深300,CSI 300,601607,上海医药,"Shanghai Pharmaceuticals Holding Co.,Ltd",SHH,0.25
2017-11-30,000300,沪深300,CSI 300,601608,中信重工,"CITIC HEAVY INDUSTRIES CO., LTD.",SHH,0.07
2017-11-30,000300,沪深300,CSI 300,601611,中国核建,China Nuclear Engineering Corporation Limited,SHH,0.05
2017-11-30,000300,沪深300,CSI 300,601618,中国中冶,Metallurgical Corporation of China Co Ltd,SHH,0.23
2017-11-30,000300,沪深300,CSI 300,601628,中国人寿,China Life Insurance Company Limited,SHH,0.45
2017-11-30,000300,沪深300,CSI 300,601633,长城汽车,Great Wall Motor Co Ltd,SHH,0.12
2017-11-30,000300,沪深300,CSI 300,601668,中国建筑,China State Construction Engineering Co Ltd,SHH,1.27
2017-11-30,000300,沪深300,CSI 300,601669,中国电建,"Power Construction Corporation of China,Ltd",SHH,0.29
2017-11-30,000300,沪深300,CSI 300,601688,华泰证券,Huatai Securities Co Ltd,SHH,0.55
2017-11-30,000300,沪深300,CSI 300,601718,际华集团,Jihua Group Co Ltd,SHH,0.08
2017-11-30,000300,沪深300,CSI 300,601727,上海电气,Shanghai Electric Group Co Ltd,SHH,0.21
2017-11-30,000300,沪深300,CSI 300,601766,中国中车,CRRC Corporation Limited,SHH,0.99
2017-11-30,000300,沪深300,CSI 300,601788,光大证券,Everbright Securities Co Ltd,SHH,0.26
2017-11-30,000300,沪深300,CSI 300,601800,中国交建,China Communications Construction Company Limited,SHH,0.19
2017-11-30,000300,沪深300,CSI 300,601818,光大银行,China Everbright Bank Co Ltd,SHH,0.59
2017-11-30,000300,沪深300,CSI 300,601857,中国石油,PetroChina Co Ltd,SHH,0.35
2017-11-30,000300,沪深300,CSI 300,601866,中远海发,"COSCO SHIPPING Development Co.,Ltd.",SHH,0.1
2017-11-30,000300,沪深300,CSI 300,601872,招商轮船,"China Merchants Energy Shipping Co., Ltd.",SHH,0.08
2017-11-30,000300,沪深300,CSI 300,601877,正泰电器,Zhejiang Chint Electrics Co Ltd,SHH,0.09
2017-11-30,000300,沪深300,CSI 300,601881,中国银河,"China Galaxy Securities Co., Ltd.",SHH,0.07
2017-11-30,000300,沪深300,CSI 300,601888,中国国旅,China International Travel Service Co Ltd,SHH,0.36
2017-11-30,000300,沪深300,CSI 300,601899,紫金矿业,Zijin Mining Group Co Ltd,SHH,0.36
2017-11-30,000300,沪深300,CSI 300,601901,方正证券,Founder Securities Co Ltd,SHH,0.28
2017-11-30,000300,沪深300,CSI 300,601919,中远海控,"COSCO SHIPPING Holdings Co., Ltd.",SHH,0.21
2017-11-30,000300,沪深300,CSI 300,601933,永辉超市,Yonghui Superstores Co Ltd,SHH,0.31
2017-11-30,000300,沪深300,CSI 300,601939,建设银行,China Construction Bank,SHH,0.42
2017-11-30,000300,沪深300,CSI 300,601958,金钼股份,Jinduicheng Molybdenum Co Ltd,SHH,0.06
2017-11-30,000300,沪深300,CSI 300,601966,玲珑轮胎,"Shandong Linglong Tyre Co., Ltd.",SHH,0.04
2017-11-30,000300,沪深300,CSI 300,601985,中国核电,"China National Nuclear Power Co.,Ltd.",SHH,0.3
2017-11-30,000300,沪深300,CSI 300,601988,中国银行,Bank of China Ltd,SHH,0.73
2017-11-30,000300,沪深300,CSI 300,601989,中国重工,China Shipbuilding Industry Co Ltd,SHH,0.52
2017-11-30,000300,沪深300,CSI 300,601992,金隅股份,BBMG Corporation,SHH,0.17
2017-11-30,000300,沪深300,CSI 300,601997,贵阳银行,"Bank of Guiyang Co.,Ltd.",SHH,0.09
2017-11-30,000300,沪深300,CSI 300,601998,中信银行,China Citic Bank Corporation Limited,SHH,0.17
2017-11-30,000300,沪深300,CSI 300,603160,汇顶科技,"Shenzhen Huiding Technology Co., Ltd.",SHH,0.05
2017-11-30,000300,沪深300,CSI 300,603858,步长制药,"SHANDONG BUCHANG PHARMACEUTICALS CO., LTD.",SHH,0.04
2017-11-30,000300,沪深300,CSI 300,603993,洛阳钼业,"China Molybdenum Co., Ltd.",SHH,0.17
2017-11-30,000300,沪深300,CSI 300,000001,平安银行,"Ping An Bank Co., Ltd.",SHZ,1.01
2017-11-30,000300,沪深300,CSI 300,000002,万科Ａ,China Vanke Co Ltd,SHZ,1.87
2017-11-30,000300,沪深300,CSI 300,000008,神州高铁,"China High-Speed Railway Technology Co., Ltd.",SHZ,0.13
2017-11-30,000300,沪深300,CSI 300,000009,中国宝安,"China Baoan Group Co.,Ltd.",SHZ,0.14
2017-11-30,000300,沪深300,CSI 300,000060,中金岭南,Shenzhen Zhongjin Lingnan Nonfemet Co Ltd,SHZ,0.16
2017-11-30,000300,沪深300,CSI 300,000063,中兴通讯,ZTE Corporation,SHZ,0.69
2017-11-30,000300,沪深300,CSI 300,000069,华侨城Ａ,Shenzhen Overseas Chinese Town Co Ltd,SHZ,0.26
2017-11-30,000300,沪深300,CSI 300,000100,TCL集团,TCL Corporation,SHZ,0.27
2017-11-30,000300,沪深300,CSI 300,000156,华数传媒,"WASU MEDIA HOLDING CO., LTD",SHZ,0.07
2017-11-30,000300,沪深300,CSI 300,000157,中联重科,Zoomlion Heavy Industry Science & Technology Co Ltd,SHZ,0.17
2017-11-30,000300,沪深300,CSI 300,000166,申万宏源,"Shenwan Hongyuan Group CO., LTD",SHZ,0.3
2017-11-30,000300,沪深300,CSI 300,000333,美的集团,"Midea Group CO., LTD",SHZ,2.04
2017-11-30,000300,沪深300,CSI 300,000338,潍柴动力,Wei Chai Power Co Ltd,SHZ,0.35
2017-11-30,000300,沪深300,CSI 300,000402,金 融 街,Financial Street Holding Co Ltd,SHZ,0.12
2017-11-30,000300,沪深300,CSI 300,000413,东旭光电,"Dongxu Optoelectronic Technology Co., Ltd.",SHZ,0.21
2017-11-30,000300,沪深300,CSI 300,000415,渤海金控,"Bohai Financial Investment Holding Co.,Ltd.",SHZ,0.1
2017-11-30,000300,沪深300,CSI 300,000423,东阿阿胶,Shandong Dong-Ee Jiao Co Ltd,SHZ,0.28
2017-11-30,000300,沪深300,CSI 300,000425,徐工机械,XCMG Construction Machinery Co Ltd,SHZ,0.14
2017-11-30,000300,沪深300,CSI 300,000503,海虹控股,Searainbow Holding Corp,SHZ,0.16
2017-11-30,000300,沪深300,CSI 300,000538,云南白药,"Yunnan Baiyao Group Co., Ltd.",SHZ,0.43
2017-11-30,000300,沪深300,CSI 300,000540,中天金融,Zhongtian Financial Group Company Limited,SHZ,0.18
2017-11-30,000300,沪深300,CSI 300,000555,神州信息,Digital China Information Service Company Ltd.,SHZ,0.04
2017-11-30,000300,沪深300,CSI 300,000559,万向钱潮,Wanxiang Qianchao Co Ltd,SHZ,0.12
2017-11-30,000300,沪深300,CSI 300,000568,泸州老窖,Luzhou Lao Jiao Co Ltd,SHZ,0.37
2017-11-30,000300,沪深300,CSI 300,000623,吉林敖东,"Jilin Aodong Pharmaceutical Group Co., Ltd.",SHZ,0.19
2017-11-30,000300,沪深300,CSI 300,000625,长安汽车,Chongqing Changan Automobile Co Ltd,SHZ,0.23
2017-11-30,000300,沪深300,CSI 300,000627,天茂集团,Hubei Biocause Pharmaceutical Co Ltd,SHZ,0.12
2017-11-30,000300,沪深300,CSI 300,000630,铜陵有色,Tongling Nonferrous Metals Group Co. Ltd,SHZ,0.16
2017-11-30,000300,沪深300,CSI 300,000651,格力电器,"Gree Electric Appliances,Inc. of Zhuhai",SHZ,1.8
2017-11-30,000300,沪深300,CSI 300,000671,阳光城,"Sunshine City Group Co., Ltd.",SHZ,0.1
2017-11-30,000300,沪深300,CSI 300,000686,东北证券,Northeast Securities Co Ltd,SHZ,0.12
2017-11-30,000300,沪深300,CSI 300,000709,河钢股份,HESTEEL COMPANY LIMITED,SHZ,0.16
2017-11-30,000300,沪深300,CSI 300,000718,苏宁环球,Suning Universal Co Ltd,SHZ,0.07
2017-11-30,000300,沪深300,CSI 300,000725,京东方A,BOE Technology Group Co Ltd,SHZ,1.12
2017-11-30,000300,沪深300,CSI 300,000728,国元证券,Guoyuan Securities Company Limited,SHZ,0.22
2017-11-30,000300,沪深300,CSI 300,000738,航发控制,"AECC AERO-ENGINE CONTROL CO.,LTD.",SHZ,0.07
2017-11-30,000300,沪深300,CSI 300,000750,国海证券,"Sealand Securities Co., Ltd.",SHZ,0.14
2017-11-30,000300,沪深300,CSI 300,000768,中航飞机,"Avic Aircraft Co.,Ltd.",SHZ,0.21
2017-11-30,000300,沪深300,CSI 300,000776,广发证券,"GF Securities Co., Ltd.",SHZ,0.46
2017-11-30,000300,沪深300,CSI 300,000783,长江证券,Changjiang Securities Company Limited,SHZ,0.26
2017-11-30,000300,沪深300,CSI 300,000792,盐湖股份,Qinghai Salt Lake Industry Co Ltd,SHZ,0.17
2017-11-30,000300,沪深300,CSI 300,000793,华闻传媒,China Media Group,SHZ,0.19
2017-11-30,000300,沪深300,CSI 300,000826,启迪桑德,"TUS-SOUND ENVIRONMENTAL RESOURCES CO., LTD.",SHZ,0.16
2017-11-30,000300,沪深300,CSI 300,000839,中信国安,CITIC Guoan Information Industry Co Ltd,SHZ,0.23
2017-11-30,000300,沪深300,CSI 300,000858,五 粮 液,Wuliangye Yibin Co Ltd,SHZ,1.09
2017-11-30,000300,沪深300,CSI 300,000876,新 希 望,"NEW HOPE LIUHE CO., LTD",SHZ,0.14
2017-11-30,000300,沪深300,CSI 300,000895,双汇发展,Henan Shuanghui Investment & Development Co Ltd,SHZ,0.22
2017-11-30,000300,沪深300,CSI 300,000917,电广传媒,Hunan TV & Broadcast Intermediary Co Ltd,SHZ,0.09
2017-11-30,000300,沪深300,CSI 300,000938,紫光股份,"Unisplendour Co., Ltd.",SHZ,0.09
2017-11-30,000300,沪深300,CSI 300,000959,首钢股份,Beijing Shougang Co Ltd,SHZ,0.09
2017-11-30,000300,沪深300,CSI 300,000961,中南建设,"Jiangsu Zhongnan Construction Group Co.,Ltd",SHZ,0.06
2017-11-30,000300,沪深300,CSI 300,000963,华东医药,Huadong Medicine Co Ltd,SHZ,0.21
2017-11-30,000300,沪深300,CSI 300,000977,浪潮信息,"Inspur Electronic Information Industry Co.,Ltd",SHZ,0.13
2017-11-30,000300,沪深300,CSI 300,000983,西山煤电,Shanxi Xishan Coal And Electricity Power Co Ltd,SHZ,0.14
2017-11-30,000300,沪深300,CSI 300,001979,招商蛇口,"CHINA MERCHANTS SHEKOU INDUSTRIAL ZONE HOLDINGS CO.,LTD",SHZ,0.41
2017-11-30,000300,沪深300,CSI 300,002007,华兰生物,Hualan Biological Engineering INC,SHZ,0.14
2017-11-30,000300,沪深300,CSI 300,002008,大族激光,"Han's Laser Technology Industry Group Co., Ltd.",SHZ,0.36
2017-11-30,000300,沪深300,CSI 300,002024,苏宁云商,"SUNING COMMERCE GROUP CO., LTD.",SHZ,0.39
2017-11-30,000300,沪深300,CSI 300,002027,分众传媒,"Focus Media Information Technology Co., Ltd.",SHZ,0.18
2017-11-30,000300,沪深300,CSI 300,002044,美年健康,"Meinian Onehealth Healthcare Holdings Co., Ltd.",SHZ,0.18
2017-11-30,000300,沪深300,CSI 300,002049,紫光国芯,"Unigroup Guoxin Co., Ltd.",SHZ,0.15
2017-11-30,000300,沪深300,CSI 300,002065,东华软件,"DHC Software Co.,Ltd.",SHZ,0.16
2017-11-30,000300,沪深300,CSI 300,002074,国轩高科,"GUOXUAN HIGH-TECH CO.,LTD.",SHZ,0.14
2017-11-30,000300,沪深300,CSI 300,002081,金螳螂,Suzhou Gold Mantis Construction Decoration Co Ltd,SHZ,0.2
2017-11-30,000300,沪深300,CSI 300,002131,利欧股份,"LEO GROUP CO., LTD.",SHZ,0.07
2017-11-30,000300,沪深300,CSI 300,002142,宁波银行,Bank of Ningbo Co Ltd,SHZ,0.41
2017-11-30,000300,沪深300,CSI 300,002146,荣盛发展,Risesun Real Estate Development Co Ltd,SHZ,0.13
2017-11-30,000300,沪深300,CSI 300,002152,广电运通,GRG Banking Equipment Co Ltd,SHZ,0.07
2017-11-30,000300,沪深300,CSI 300,002153,石基信息,Beijing Shiji Information Technology Co Ltd,SHZ,0.08
2017-11-30,000300,沪深300,CSI 300,002174,游族网络,"YOUZU Interactive CO., LTD.",SHZ,0.06
2017-11-30,000300,沪深300,CSI 300,002183,怡亚通,Eternal Asia Supply Chain Management Ltd,SHZ,0.1
2017-11-30,000300,沪深300,CSI 300,002195,二三四五,"Shanghai 2345 Network Holding Group Co., Ltd.",SHZ,0.1
2017-11-30,000300,沪深300,CSI 300,002202,金风科技,Xinjiang Goldwind Science & Technology Co Ltd,SHZ,0.28
2017-11-30,000300,沪深300,CSI 300,002230,科大讯飞,"Iflytek Co.,Ltd.",SHZ,0.56
2017-11-30,000300,沪深300,CSI 300,002236,大华股份,Zhejiang Dahua Technology Co Ltd,SHZ,0.31
2017-11-30,000300,沪深300,CSI 300,002241,歌尔股份,GoerTek Inc,SHZ,0.32
2017-11-30,000300,沪深300,CSI 300,002252,上海莱士,Shanghai RAAS Blood Products Co Ltd,SHZ,0.26
2017-11-30,000300,沪深300,CSI 300,002292,奥飞娱乐,Alpha Group,SHZ,0.07
2017-11-30,000300,沪深300,CSI 300,002299,圣农发展,Fujian Sunner Development Co Ltd,SHZ,0.06
2017-11-30,000300,沪深300,CSI 300,002304,洋河股份,Jiangsu Yanghe Brewery Joint-Stock Co Ltd,SHZ,0.55
2017-11-30,000300,沪深300,CSI 300,002310,东方园林,Beijing Orient Landscape Co Ltd,SHZ,0.19
2017-11-30,000300,沪深300,CSI 300,002352,顺丰控股,"S.F. Holding Co., Ltd.",SHZ,0.1
2017-11-30,000300,沪深300,CSI 300,002385,大北农,Beijing Dabeinong Technology Group Co Ltd,SHZ,0.12
2017-11-30,000300,沪深300,CSI 300,002411,必康股份,JiangSu Bicon Pharmaceutical Listed Company,SHZ,0.11
2017-11-30,000300,沪深300,CSI 300,002415,海康威视,Hangzhou Hikvision Digital Technology Co Ltd,SHZ,1.2
2017-11-30,000300,沪深300,CSI 300,002424,贵州百灵,Guizhou Bailing Group Pharmaceutical Co Ltd,SHZ,0.06
2017-11-30,000300,沪深300,CSI 300,002426,胜利精密,Suzhou Victory Precision Manufacture Co Ltd,SHZ,0.11
2017-11-30,000300,沪深300,CSI 300,002450,康得新,"Kangde Xin Composite Material Group Co.,Ltd.",SHZ,0.51
2017-11-30,000300,沪深300,CSI 300,002456,欧菲科技,"O-film Tech Co., Ltd.",SHZ,0.37
2017-11-30,000300,沪深300,CSI 300,002465,海格通信,Guangzhou Haige Communications Group Incorporated Company,SHZ,0.13
2017-11-30,000300,沪深300,CSI 300,002466,天齐锂业,"Tianqi Lithium Industries, Inc.",SHZ,0.32
2017-11-30,000300,沪深300,CSI 300,002470,金正大,"Kingenta Ecological Engineering Group Co., Ltd",SHZ,0.13
2017-11-30,000300,沪深300,CSI 300,002475,立讯精密,"Luxshare Precision Industry Co., Ltd.",SHZ,0.26
2017-11-30,000300,沪深300,CSI 300,002500,山西证券,Shanxi Securities Co Ltd,SHZ,0.15
2017-11-30,000300,沪深300,CSI 300,002508,老板电器,Hangzhou Robam Appliances Co Ltd,SHZ,0.19
2017-11-30,000300,沪深300,CSI 300,002555,三七互娱,"Wuhu Shunrong Sanqi Interactive Entertainment Network Technology Co.,Ltd.",SHZ,0.07
2017-11-30,000300,沪深300,CSI 300,002558,巨人网络,"Giant Network Group Co., Ltd.",SHZ,0.08
2017-11-30,000300,沪深300,CSI 300,002594,比亚迪,BYD Co Ltd,SHZ,0.3
2017-11-30,000300,沪深300,CSI 300,002602,世纪华通,"ZHEJIANG CENTURY HUATONG GROUP CO., LTD",SHZ,0.09
2017-11-30,000300,沪深300,CSI 300,002673,西部证券,"WESTERN SECURITIES CO., LTD",SHZ,0.2
2017-11-30,000300,沪深300,CSI 300,002714,牧原股份,"Muyuan Foodstuff Co., Ltd",SHZ,0.14
2017-11-30,000300,沪深300,CSI 300,002736,国信证券,"GUOSEN SECURITIES CO., LTD.",SHZ,0.27
2017-11-30,000300,沪深300,CSI 300,002739,万达电影,"WANDA FILM HOLDING CO., LTD",SHZ,0.22
2017-11-30,000300,沪深300,CSI 300,002797,第一创业,"First Capital Securities Co., Ltd.",SHZ,0.03
2017-11-30,000300,沪深300,CSI 300,002831,裕同科技,"ShenZhen YUTO Packaging Technology Co., Ltd.",SHZ,0.03
2017-11-30,000300,沪深300,CSI 300,002839,张家港行,"Jiangsu Zhangjiagang Rural Commercial Bank Co., Ltd",SHZ,0.02
2017-11-30,000300,沪深300,CSI 300,002841,视源股份,Guangzhou Shiyuan Electronic Technology Company Limited,SHZ,0.03
2017-11-30,000300,沪深300,CSI 300,300017,网宿科技,"Wangsu Science and Technology Co.,Ltd.",SHZ,0.12
2017-11-30,000300,沪深300,CSI 300,300024,机器人,Siasun Robot & Automation Co Ltd,SHZ,0.19
2017-11-30,000300,沪深300,CSI 300,300027,华谊兄弟,Huayi Brothers Media Co Ltd,SHZ,0.12
2017-11-30,000300,沪深300,CSI 300,300033,同花顺,"Hithink Royalflush Information Network Co.,Ltd.",SHZ,0.09
2017-11-30,000300,沪深300,CSI 300,300059,东方财富,East Money Information Co Ltd,SHZ,0.31
2017-11-30,000300,沪深300,CSI 300,300070,碧水源,Beijing Originwater Technology Co Ltd,SHZ,0.28
2017-11-30,000300,沪深300,CSI 300,300072,三聚环保,Beijing SJ Environmental Protection and New Material Co Ltd,SHZ,0.27
2017-11-30,000300,沪深300,CSI 300,300104,乐视网,Leshi Internet Information & Technology Corp Beijing,SHZ,0.32
2017-11-30,000300,沪深300,CSI 300,300124,汇川技术,Shenzhen Inovance Technology Co Ltd,SHZ,0.23
2017-11-30,000300,沪深300,CSI 300,300133,华策影视,Zhejiang Huace Film & TV Co Ltd,SHZ,0.06
2017-11-30,000300,沪深300,CSI 300,300144,宋城演艺,"SONGCHENG PERFORMANCE DEVELOPMENT CO., LTD.",SHZ,0.12
2017-11-30,000300,沪深300,CSI 300,300168,万达信息,Wonders Information Co Ltd,SHZ,0.08
2017-11-30,000300,沪深300,CSI 300,300251,光线传媒,Beijing Enlight Media Co Ltd,SHZ,0.07
2017-11-30,000300,沪深300,CSI 300,300315,掌趣科技,"OURPALM CO., LTD",SHZ,0.1
